{"ProductNumber":101,"Zipcode":560001,"ZipCodeType":"STANDARD","City":"Bengaluru","State":"KA","LocationType":"Primary","Latitude":12.9716,"Longitude":77.5946,"ProductSouth":100,"ProductNorth":222.5,"ProductEast":198.75,"SalesRegion":"South","Country":"India","RegionType":"Metro","Region":"Bangalore Urban","Decommisioned":false,"TaxReturnsFiled":"Yes","EstimatedPopulation":8500000,"TotalSalary":95000000,"Description":"Main sales hub for South India"}
{"ProductNumber":102,"Zipcode":110001,"ZipCodeType":"STANDARD","City":"New Delhi","State":"DL","LocationType":"Primary","Latitude":28.6139,"Longitude":77.2090,"ProductSouth":199,"ProductNorth":250.0,"ProductEast":525.25,"SalesRegion":"North","Country":"India","RegionType":"Metro","Region":"Delhi NCR","Decommisioned":false,"TaxReturnsFiled":"Yes","EstimatedPopulation":16700000,"TotalSalary":120000000,"Description":"Corporate and government sales region"}
{"ProductNumber":103,"Zipcode":400001,"ZipCodeType":"STANDARD","City":"Mumbai","State":"MH","LocationType":"Primary","Latitude":19.0760,"Longitude":72.8777,"ProductSouth":170,"ProductNorth":780.0,"ProductEast":980.0,"SalesRegion":"West","Country":"India","RegionType":"Metro","Region":"Mumbai Metropolitan","Decommisioned":false,"TaxReturnsFiled":"Yes","EstimatedPopulation":20400000,"TotalSalary":150000000,"Description":"Financial capital sales zone"}
{"ProductNumber":104,"Zipcode":560011,"ZipCodeType":"STANDARD","City":"Chennai","State":"TN","LocationType":"Primary","Latitude":456.9716,"Longitude":77.5946,"ProductSouth":200,"ProductNorth":212.5,"ProductEast":150.75,"SalesRegion":"South","Country":"India","RegionType":"Metro","Region":"Chennai Urban","Decommisioned":false,"TaxReturnsFiled":"Yes","EstimatedPopulation":8500000,"TotalSalary":75000000,"Description":"Main sales hub for South India"}
{"ProductNumber":105,"Zipcode":110011,"ZipCodeType":"STANDARD","City":"Kolkatta","State":"WB","LocationType":"Primary","Latitude":431.6139,"Longitude":77.2090,"ProductSouth":120,"ProductNorth":355.0,"ProductEast":125.25,"SalesRegion":"North","Country":"India","RegionType":"Metro","Region":"Kolkatta NCR","Decommisioned":false,"TaxReturnsFiled":"Yes","EstimatedPopulation":36700670,"TotalSalary":120000000,"Description":"Corporate and government sales region"}
{"ProductNumber":106,"Zipcode":400021,"ZipCodeType":"STANDARD","City":"Nasik","State":"MH","LocationType":"Primary","Latitude":190.76,"Longitude":272.8777,"ProductSouth":90,"ProductNorth":180.0,"ProductEast":140.0,"SalesRegion":"West","Country":"India","RegionType":"Metro","Region":"Nasik Metropolitan","Decommisioned":false,"TaxReturnsFiled":"Yes","EstimatedPopulation":98400000,"TotalSalary":1230000000,"Description":"Financial capital sales zone"}
{"ProductNumber":107,"Zipcode":560031,"ZipCodeType":"STANDARD","City":"Mysore","State":"KA","LocationType":"Primary","Latitude":12.9716,"Longitude":991.5946,"ProductSouth":100,"ProductNorth":897.5,"ProductEast":190.75,"SalesRegion":"South","Country":"India","RegionType":"Metro","Region":"Mysore Urban","Decommisioned":false,"TaxReturnsFiled":"Yes","EstimatedPopulation":8500000,"TotalSalary":95000000,"Description":"Main sales hub for South India"}
{"ProductNumber":108,"Zipcode":110041,"ZipCodeType":"STANDARD","City":"Vellore","State":"TN","LocationType":"Primary","Latitude":28.6139,"Longitude":277.2090,"ProductSouth":220,"ProductNorth":250.0,"ProductEast":175.25,"SalesRegion":"North","Country":"India","RegionType":"Metro","Region":"Vellore NCR","Decommisioned":false,"TaxReturnsFiled":"Yes","EstimatedPopulation":56700000,"TotalSalary":120000000,"Description":"Corporate and government sales region"}
{"ProductNumber":109,"Zipcode":400051,"ZipCodeType":"STANDARD","City":"Vijag","State":"AP","LocationType":"Primary","Latitude":19.0760,"Longitude":572.8777,"ProductSouth":95,"ProductNorth":489.0,"ProductEast":190.0,"SalesRegion":"West","Country":"India","RegionType":"Metro","Region":"Vijag Metropolitan","Decommisioned":false,"TaxReturnsFiled":"Yes","EstimatedPopulation":25400000,"TotalSalary":180000000,"Description":"IT capital sales zone"}
{"ProductNumber":110,"Zipcode":400061,"ZipCodeType":"STANDARD","City":"Amaravathi","State":"AP","LocationType":"Primary","Latitude":19.0760,"Longitude":672.8777,"ProductSouth":78,"ProductNorth":280.0,"ProductEast":124.0,"SalesRegion":"West","Country":"India","RegionType":"Metro","Region":"Amaravathi Metropolitan","Decommisioned":false,"TaxReturnsFiled":"Yes","EstimatedPopulation":20400000,"TotalSalary":190000000,"Description":"Self capital sales zone"}
